<?xml version="1.0" encoding="UTF-8"?>
<project-private xmlns="http://www.netbeans.org/ns/project-private/1">
    <editor-bookmarks xmlns="http://www.netbeans.org/ns/editor-bookmarks/2" lastBookmarkId="0"/>
    <open-files xmlns="http://www.netbeans.org/ns/projectui-open-files/2">
        <group>
            <file>file:/H:/softablitzProject/GroupOn/src/groupon/server/ServerThread.java</file>
            <file>file:/H:/softablitzProject/GroupOn/src/groupon/user/UserNetwork.java</file>
            <file>file:/H:/softablitzProject/GroupOn/src/groupon/database/Database.java</file>
            <file>file:/H:/softablitzProject/GroupOn/src/groupon/user/Login.java</file>
            <file>file:/H:/softablitzProject/GroupOn/src/groupon/server/Server.java</file>
            <file>file:/H:/softablitzProject/GroupOn/src/groupon/user/User.java</file>
            <file>file:/H:/softablitzProject/GroupOn/src/groupon/user/GraphUse.java</file>
            <file>file:/H:/softablitzProject/GroupOn/src/groupon/server/DatabaseProtocols.java</file>
        </group>
    </open-files>
</project-private>
